<?xml version="1.0" encoding="UTF-8"?>
<project-private xmlns="http://www.netbeans.org/ns/project-private/1">
    <editor-bookmarks xmlns="http://www.netbeans.org/ns/editor-bookmarks/2" lastBookmarkId="0"/>
    <open-files xmlns="http://www.netbeans.org/ns/projectui-open-files/2">
        <group>
            <file>file:/C:/Users/phill/Documents/NetBeansProjects/MNPLibraryReserve%20System/src/mnplibraryreserve/system/LibraryLease.java</file>
            <file>file:/C:/Users/phill/Documents/NetBeansProjects/MNPLibraryReserve%20System/src/mnplibraryreserve/system/Home.java</file>
            <file>file:/C:/Users/phill/Documents/NetBeansProjects/MNPLibraryReserve%20System/src/mnplibraryreserve/system/Books.java</file>
            <file>file:/C:/Users/phill/Documents/NetBeansProjects/MNPLibraryReserve%20System/src/mnplibraryreserve/system/Login.java</file>
            <file>file:/C:/Users/phill/Documents/NetBeansProjects/MNPLibraryReserve%20System/src/mnplibraryreserve/system/AllStudents.java</file>
            <file>file:/C:/Users/phill/Documents/NetBeansProjects/MNPLibraryReserve%20System/src/mnplibraryreserve/system/Reservebook.java</file>
            <file>file:/C:/Users/phill/Documents/NetBeansProjects/MNPLibraryReserve%20System/src/mnplibraryreserve/system/Allbooks.java</file>
            <file>file:/C:/Users/phill/Documents/NetBeansProjects/MNPLibraryReserve%20System/src/mnplibraryreserve/system/DBconnection.java</file>
        </group>
    </open-files>
</project-private>
